21026.jpg,11864.jpg,0
32753.jpg,32085.jpg,0
11545.jpg,11545.jpg,1
8668.jpg,8449.jpg,1
10288.jpg,8354.jpg,1
6081.jpg,4594.jpg,1
16672.jpg,17822.jpg,1
18752.jpg,18752.jpg,1
9101.jpg,30142.jpg,0
7055.jpg,6193.jpg,1
6524.jpg,4594.jpg,1
3373.jpg,28611.jpg,0
8668.jpg,8668.jpg,1
32016.jpg,32016.jpg,1
17674.jpg,6691.jpg,0
7732.jpg,16672.jpg,0
12456.jpg,12677.jpg,1
22617.jpg,6053.jpg,0
12233.jpg,21061.jpg,0
6315.jpg,6193.jpg,1
4117.jpg,7055.jpg,1
12121.jpg,14453.jpg,0
12261.jpg,10288.jpg,0
4647.jpg,30381.jpg,0
13887.jpg,12456.jpg,0
8618.jpg,7732.jpg,1
6315.jpg,6193.jpg,1
18308.jpg,30764.jpg,0
4594.jpg,7055.jpg,1
6053.jpg,18308.jpg,0
15257.jpg,6524.jpg,0
4098.jpg,6193.jpg,1
21061.jpg,6780.jpg,0
6780.jpg,4098.jpg,1
24045.jpg,33568.jpg,0
5354.jpg,30601.jpg,0
3373.jpg,21061.jpg,0
11545.jpg,4098.jpg,0
9101.jpg,34620.jpg,0
8668.jpg,11701.jpg,0
26186.jpg,29291.jpg,0
8280.jpg,23926.jpg,0
11864.jpg,12882.jpg,1
6315.jpg,6315.jpg,1
3373.jpg,4647.jpg,0
26186.jpg,29291.jpg,0
8354.jpg,7732.jpg,1
17822.jpg,17674.jpg,1
10106.jpg,34737.jpg,0
6524.jpg,5354.jpg,1
10106.jpg,10288.jpg,1
5354.jpg,30381.jpg,0
31219.jpg,30916.jpg,1
10106.jpg,7732.jpg,1
10288.jpg,8618.jpg,1
34208.jpg,17093.jpg,0
6081.jpg,4594.jpg,1
25599.jpg,25599.jpg,1
29115.jpg,31656.jpg,0
18752.jpg,2534.jpg,0
11701.jpg,11864.jpg,0
30916.jpg,32809.jpg,0
7732.jpg,8668.jpg,1
21482.jpg,21482.jpg,1
30142.jpg,34620.jpg,0
11916.jpg,30764.jpg,0
12233.jpg,11916.jpg,1
12677.jpg,23565.jpg,0
6053.jpg,6193.jpg,1
30677.jpg,9101.jpg,0
17093.jpg,17674.jpg,1
6315.jpg,6081.jpg,1
23631.jpg,23446.jpg,1
30916.jpg,30677.jpg,1
6053.jpg,7055.jpg,1
25835.jpg,11701.jpg,0
6524.jpg,4117.jpg,1
6780.jpg,4117.jpg,1
11545.jpg,15688.jpg,0
6780.jpg,6691.jpg,1
6524.jpg,6900.jpg,1
33568.jpg,17093.jpg,0
16672.jpg,33262.jpg,0
16672.jpg,12121.jpg,0
32970.jpg,5354.jpg,0
23631.jpg,23616.jpg,1
6193.jpg,30142.jpg,0
7971.jpg,8618.jpg,1
32016.jpg,18308.jpg,0
12233.jpg,11916.jpg,1
10106.jpg,10288.jpg,1
10106.jpg,24525.jpg,0
31656.jpg,4098.jpg,0
10288.jpg,23631.jpg,0
23565.jpg,23446.jpg,1
10106.jpg,7971.jpg,1
25835.jpg,30819.jpg,0
6691.jpg,6193.jpg,1
26363.jpg,7732.jpg,0
5354.jpg,6900.jpg,1
